{"A4Student" : {
  "FullName" : "Ramandeep Kaur Dhaliwal",
  "SheridanEmail": "dhali134@sheridancollege.ca",
  "SheridanLogin" : "dhali134",
  "SheridanID" : "991419942",
	"HomeCountry" : "Canada",
	"CurrCity" : "Brampton",
	"MovieFav" : "The Green Mile",
	"BookFav" : "Think Like a Monk"
},
"nobelPrizes":
  [
    {"year":"2022",
    "category":"chemistry",
    "laureates":
      [
        {"id":"1015","firstname":"Carolyn","surname":"Bertozzi","motivation":"for the development of click chemistry and bioorthogonal chemistry","share":"3"},
        {"id":"1016","firstname":"Morten","surname":"Meldal","motivation":"for the development of click chemistry and bioorthogonal chemistry","share":"3"},
        {"id":"743","firstname":"Barry","surname":"Sharpless","motivation":"for the development of click chemistry and bioorthogonal chemistry","share":"3"}
      ]
    },
    {"year":"2022",
    "category":"economics",
    "laureates":
      [
        {"id":"1021","firstname":"Ben","surname":"Bernanke","motivation":"for research on banks and financial crises","share":"3"},
        {"id":"1022","firstname":"Douglas","surname":"Diamond","motivation":"for research on banks and financial crises","share":"3"},
        {"id":"1023","firstname":"Philip","surname":"Dybvig","motivation":"for research on banks and financial crises","share":"3"}
      ]
    },
    {"year":"2022",
    "category":"literature",
    "laureates":
      [
        {"id":"1017","firstname":"Annie","surname":"Ernaux","motivation":"for the courage and clinical acuity with which she uncovers the roots, estrangements and  collective restraints of personal memory","share":"1"}
      ]
    },
    {"year":"2022",
    "category":"peace",
    "laureates":
      [
        {"id":"1018","firstname":"Ales","surname":"Bialiatski ","motivation":"The Peace Prize laureates represent civil society in their home countries. They have for many years promoted the right to criticise power and protect the fundamental rights of citizens. They have made an outstanding effort to document war crimes, human right abuses and the abuse of power. Together they demonstrate the significance of civil society for peace and democracy.","share":"3"},
        {"id":"1019","firstname":"Memorial","surname":"Group","motivation":"The Peace Prize laureates represent civil society in their home countries. They have for many years promoted the right to criticise power and protect the fundamental rights of citizens. They have made an outstanding effort to document war crimes, human right abuses and the abuse of power. Together they demonstrate the significance of civil society for peace and democracy.","share":"3"},
        {"id":"1020","firstname":"Center for Civil Liberties","surname":"Group","motivation":"The Peace Prize laureates represent civil society in their home countries. They have for many years promoted the right to criticise power and protect the fundamental rights of citizens. They have made an outstanding effort to document war crimes, human right abuses and the abuse of power. Together they demonstrate the significance of civil society for peace and democracy.","share":"3"}
      ]
    },
    {"year":"2022",
    "category":"physics",
    "laureates":
      [
        {"id":"1012","firstname":"Alain","surname":"Aspect","motivation":"for experiments with entangled photons, establishing the violation of Bell inequalities and  pioneering quantum information science","share":"3"},
        {"id":"1014","firstname":"Anton","surname":"Zeilinger","motivation":"for experiments with entangled photons, establishing the violation of Bell inequalities and  pioneering quantum information science","share":"3"}
      ]
    },
    {"year":"2022",
    "category":"medicine",
    "laureates":
      [
        {"id":"1011","firstname":"Svante","surname":"Paabo","motivation":"for his discoveries concerning the genomes of extinct hominins and human evolution","share":"1"}
      ]
    }
  ]
}